ticker,CD_CVM,valid_from,valid_to,sector
ABCB10,20958,2020-09-28,"",Unknown
ABCB4,20958,2020-01-02,"",Unknown
ABEV3,23264,2023-01-02,"",Unknown
AERI3,25283,2023-01-02,"",Unknown
AGRO3,20036,2023-01-02,"",Unknown
AGXY3,25658,2023-01-02,"",Unknown
ALLD3,25330,2023-01-02,"",Unknown
ALOS3,22357,2023-10-25,"",Unknown
ALPA3,10456,2023-01-02,"",Unknown
ALPA4,10456,2023-01-02,"",Unknown
ALUP11,21490,2023-01-02,"",Unknown
ALUP3,21490,2023-01-02,"",Unknown
ALUP4,21490,2023-01-02,"",Unknown
AMBP3,24961,2023-01-02,"",Unknown
AMER3,20990,2023-01-02,"",Unknown
AMER9,20990,2022-03-10,"",Unknown
AMOB3,27707,2024-12-16,"",Unknown
ANIM3,23248,2023-01-02,"",Unknown
APER3,22217,2023-01-02,"",Unknown
APER9,22217,2021-03-02,"",Unknown
ARND3,25887,2025-12-03,"",Unknown
ATED3,27677,2024-12-11,"",Unknown
ATMP3,19100,2025-06-04,"",Unknown
AVLL3,25275,2023-01-02,"",Unknown
AXIA3,2437,2025-11-10,"",Unknown
AXIA5,2437,2025-12-01,"",Unknown
AXIA6,2437,2025-11-10,"",Unknown
AXIA7,2437,2025-12-22,"",Unknown
AZUL4,24112,2023-01-02,"",Unknown
AZUL54,24112,2025-12-23,"",Unknown
AZZA3,22349,2024-08-01,"",Unknown
BALM3,1562,2023-01-02,"",Unknown
BALM4,1562,2023-01-02,"",Unknown
BBDC3,906,2023-01-02,"",Unknown
BBDC4,906,2023-01-02,"",Unknown
BBSE3,23159,2023-01-02,"",Unknown
BDLL3,1520,2023-01-12,"",Unknown
BDLL4,1520,2023-01-04,"",Unknown
BEEF3,20931,2023-01-02,"",Unknown
BEEF9,20931,2025-05-30,"",Unknown
BEES3,1155,2023-01-02,"",Unknown
BEES4,1155,2023-01-02,"",Unknown
BHIA3,6505,2023-09-20,"",Unknown
BIDI10,24406,2020-08-24,"",Unknown
BIDI11,24406,2020-01-02,"",Unknown
BIDI3,24406,2020-01-02,"",Unknown
BIDI4,24406,2020-01-02,"",Unknown
BIDI9,24406,2020-08-27,"",Unknown
BIED3,701,2024-11-26,"",Unknown
BIOM3,19305,2023-01-02,"",Unknown
BIOM9,19305,2020-11-18,"",Unknown
BMEB3,1325,2023-09-05,"",Unknown
BMEB4,1325,2023-09-01,"",Unknown
BMGB10,24600,2025-08-26,"",Unknown
BMGB4,24600,2023-01-02,"",Unknown
BOAS3,25135,2020-09-30,"",Unknown
BOBR3,12190,2020-01-14,"",Unknown
BOBR4,12190,2023-01-02,"",Unknown
BPAN10,21199,2020-01-02,"",Unknown
BPAN4,21199,2023-01-02,"",Unknown
BRAP3,18724,2020-01-02,"",Unknown
BRAP4,18724,2020-01-02,"",Unknown
BRAV3,25291,2024-09-09,"",Unknown
BRBI11,25860,2023-01-02,"",Unknown
BRFS3,16292,2023-01-02,"",Unknown
BRIT3,27693,2023-01-02,"",Unknown
BRKM3,4820,2023-01-02,"",Unknown
BRKM5,4820,2023-01-02,"",Unknown
BRKM6,4820,2023-01-11,"",Unknown
BRML3,19909,2023-01-02,"",Unknown
BRPR3,19925,2020-01-02,"",Unknown
BRST3,27693,2024-12-05,"",Unknown
BSEV3,22845,2020-01-02,"",Unknown
BSLI10,14206,2024-06-24,"",Unknown
BSLI3,14206,2023-01-05,"",Unknown
BSLI4,14206,2023-01-04,"",Unknown
CAMB3,2100,2023-01-02,"",Unknown
CAML3,24228,2023-01-02,"",Unknown
CASH3,25232,2023-01-02,"",Unknown
CCTY3,27570,2025-04-29,"",Unknown
CCXC3,20184,2020-01-02,"",Unknown
CEDO3,3077,2023-01-18,"",Unknown
CEDO4,3077,2023-01-04,"",Unknown
CGRA3,4537,2023-01-02,"",Unknown
CGRA4,4537,2023-01-02,"",Unknown
CIEL3,21733,2023-01-02,"",Unknown
CLSA3,26093,2023-01-02,"",Unknown
CMIN3,25585,2023-01-02,"",Unknown
CPFE3,18660,2023-01-02,"",Unknown
CSAN3,19836,2023-01-02,"",Unknown
CSMG3,19445,2023-01-02,"",Unknown
CSUD3,20044,2023-01-02,"",Unknown
CTAX3,19100,2025-06-05,"",Unknown
CTKA3,4146,2023-06-29,"",Unknown
CTKA4,4146,2023-01-04,"",Unknown
CTNM3,3158,2020-01-02,"",Unknown
CTNM4,3158,2020-01-02,"",Unknown
CTSA3,4081,2020-01-02,"",Unknown
CTSA4,4081,2020-01-02,"",Unknown
CVCB3,23310,2023-01-02,"",Unknown
CVCB9,23310,2021-07-27,"",Unknown
CXSE3,23795,2023-01-02,"",Unknown
DESK3,26026,2023-01-02,"",Unknown
DEXP3,16632,2023-01-02,"",Unknown
DEXP4,16632,2023-01-03,"",Unknown
DIRR3,21350,2023-01-02,"",Unknown
DMMO3,23493,2020-01-02,"",Unknown
DOHL3,5207,2020-01-27,"",Unknown
DOHL4,5207,2020-01-03,"",Unknown
DOTZ3,25836,2023-01-02,"",Unknown
DTCY3,26077,2020-01-02,"",Unknown
DXCO3,21091,2023-01-02,"",Unknown
EALT3,5380,2023-01-04,"",Unknown
EALT4,5380,2023-01-02,"",Unknown
ECPR3,16497,2020-01-14,"",Unknown
ECPR4,16497,2020-01-14,"",Unknown
EGIE3,17329,2023-01-02,"",Unknown
ELET3,2437,2020-01-02,"",Unknown
ELET5,2437,2020-01-09,"",Unknown
ELET6,2437,2020-01-02,"",Unknown
ELMD3,25569,2023-01-02,"",Unknown
EMBJ3,20087,2025-11-03,"",Unknown
EMBR3,20087,2023-01-02,"",Unknown
ENAT3,22365,2020-01-02,"",Unknown
ENEV3,21237,2023-01-02,"",Unknown
ENGI11,15253,2023-01-02,"",Unknown
ENGI3,15253,2023-01-02,"",Unknown
ENGI4,15253,2023-01-02,"",Unknown
ENJU3,25259,2023-01-02,"",Unknown
ENMT3,15253,2023-01-03,"",Unknown
ENMT4,15253,2023-01-02,"",Unknown
EPAR3,15458,2023-01-03,"",Unknown
EQTL3,20010,2023-01-02,"",Unknown
EQTL9,20010,2023-06-12,"",Unknown
ESTR3,8427,2023-05-05,"",Unknown
ESTR4,8427,2023-01-02,"",Unknown
ETER3,5762,2023-01-02,"",Unknown
ETER9,5762,2020-06-05,"",Unknown
EUCA3,5770,2023-01-02,"",Unknown
EUCA4,5770,2023-01-02,"",Unknown
EZTC3,20770,2023-01-02,"",Unknown
FESA3,3069,2023-01-02,"",Unknown
FESA4,3069,2023-01-02,"",Unknown
FHER3,14761,2020-01-02,"",Unknown
FICT3,15423,2024-12-19,"",Unknown
FIQE3,26050,2023-01-02,"",Unknown
FLRY3,21881,2023-01-02,"",Unknown
FLRY9,21881,2022-11-22,"",Unknown
FRAS3,6211,2023-01-02,"",Unknown
FRIO3,20613,2023-01-19,"",Unknown
FRTA3,19658,2020-01-02,"",Unknown
GFSA11,16101,2023-01-09,"",Unknown
GFSA3,16101,2023-01-02,"",Unknown
GFSA9,16101,2024-09-13,"",Unknown
GGBR3,3980,2023-01-02,"",Unknown
GGBR4,3980,2023-01-02,"",Unknown
GMAT3,25186,2023-01-02,"",Unknown
GNDI3,24384,2020-01-02,"",Unknown
GOAU3,3980,2023-01-02,"",Unknown
GOAU4,3980,2023-01-02,"",Unknown
GPAR3,21393,2023-01-03,"",Unknown
GRND3,19615,2023-01-02,"",Unknown
GSHP3,21008,2023-01-02,"",Unknown
GUAR3,4669,2023-01-02,"",Unknown
HAPV3,24392,2023-01-02,"",Unknown
HBOR3,20877,2023-01-02,"",Unknown
HBRE3,25402,2023-01-02,"",Unknown
HBSA3,22675,2023-01-02,"",Unknown
HBSA9,22675,2025-04-11,"",Unknown
HBTS5,3298,2023-01-25,"",Unknown
HGTX3,14761,2020-01-02,"",Unknown
HOOT4,6700,2023-01-02,"",Unknown
HYPE3,21431,2023-01-02,"",Unknown
IFCM3,25747,2023-01-02,"",Unknown
IFCM9,25747,2022-09-16,"",Unknown
IGTA3,8672,2021-01-04,"",Unknown
IGTI11,8672,2023-01-02,"",Unknown
IGTI3,8672,2023-01-02,"",Unknown
IGTI4,8672,2023-01-02,"",Unknown
INTB3,25453,2023-01-02,"",Unknown
IRBR3,24180,2023-01-02,"",Unknown
IRBR9,24180,2020-08-13,"",Unknown
ISAE3,18376,2024-11-18,"",Unknown
ISAE4,18376,2024-11-18,"",Unknown
ITSA10,7617,2023-10-18,"",Unknown
ITSA3,7617,2023-01-02,"",Unknown
ITSA4,7617,2023-01-02,"",Unknown
ITSA9,7617,2023-10-20,"",Unknown
ITUB3,19348,2023-01-02,"",Unknown
ITUB4,19348,2023-01-02,"",Unknown
JALL3,25496,2023-01-02,"",Unknown
JBSS3,20575,2023-01-02,"",Unknown
JFEN3,7811,2023-01-02,"",Unknown
JHSF3,20605,2023-01-02,"",Unknown
JOPA3,13285,2023-01-06,"",Unknown
JOPA4,13285,2023-03-17,"",Unknown
JSLG11,22020,2020-09-10,"",Unknown
JSLG3,22020,2023-01-02,"",Unknown
KEPL3,7870,2023-01-02,"",Unknown
KLBN11,12653,2023-01-02,"",Unknown
KLBN3,12653,2023-01-02,"",Unknown
KLBN4,12653,2023-01-02,"",Unknown
KRSA3,25879,2023-01-02,"",Unknown
LAME10,8087,2020-02-04,"",Unknown
LAME3,8087,2020-01-02,"",Unknown
LAME4,8087,2020-01-02,"",Unknown
LAME9,8087,2020-02-04,"",Unknown
LAVV3,25062,2023-01-02,"",Unknown
LEVE3,8575,2023-01-02,"",Unknown
LINX3,23035,2020-01-02,"",Unknown
LJQQ3,25038,2023-01-02,"",Unknown
LJQQ9,25038,2024-02-09,"",Unknown
LOGN3,20710,2023-01-02,"",Unknown
LREN3,8133,2023-01-02,"",Unknown
LUPA3,20060,2023-01-02,"",Unknown
LUXM4,8192,2023-01-31,"",Unknown
LWSA3,24910,2024-01-10,"",Unknown
MATD3,25690,2023-01-02,"",Unknown
MBRF3,20788,2025-09-23,"",Unknown
MDIA3,20338,2023-01-02,"",Unknown
MDNE3,21067,2023-01-02,"",Unknown
MELK3,25119,2023-01-02,"",Unknown
MILS3,22012,2023-01-02,"",Unknown
MLAS3,26034,2023-01-02,"",Unknown
MMXM3,17914,2020-01-02,"",Unknown
MNDL3,5312,2023-01-05,"",Unknown
MNPR3,13765,2023-01-02,"",Unknown
MOSI3,25470,2021-02-08,"",Unknown
MOTV3,18821,2025-05-02,"",Unknown
MOVI3,23825,2023-01-02,"",Unknown
MRFG3,20788,2023-01-02,"",Unknown
MRFG9,20788,2023-09-19,"",Unknown
MRSA3B,17949,2023-08-30,"",Unknown
MRSA5B,17949,2023-02-13,"",Unknown
MRSA6B,17949,2023-05-24,"",Unknown
MTRE3,24902,2023-01-02,"",Unknown
MTSA3,8753,2023-01-11,"",Unknown
MTSA4,8753,2023-01-02,"",Unknown
MULT3,20982,2023-01-02,"",Unknown
MWET3,11991,2023-05-17,"",Unknown
MWET4,11991,2023-01-02,"",Unknown
NEOE3,15539,2023-01-02,"",Unknown
NEXP3,21180,2023-01-02,"",Unknown
NGRD3,25399,2023-01-02,"",Unknown
NUTR3,21334,2023-01-27,"",Unknown
OBTC3,27910,2025-10-07,"",Unknown
ODER4,4693,2023-05-12,"",Unknown
ODPV3,20125,2020-01-02,"",Unknown
OFSA3,23507,2023-01-02,"",Unknown
ONCO3,26123,2023-01-02,"",Unknown
OPCT3,25534,2023-01-02,"",Unknown
OSXB3,21342,2023-01-02,"",Unknown
PATI3,94,2023-01-02,"",Unknown
PATI4,94,2023-03-14,"",Unknown
PDGR3,20478,2023-01-02,"",Unknown
PDTC3,18414,2023-01-02,"",Unknown
PETR3,9512,2023-01-02,"",Unknown
PETR4,9512,2023-01-02,"",Unknown
PFRM3,20346,2023-01-02,"",Unknown
PGMN3,22608,2023-01-02,"",Unknown
PGMN9,22608,2023-03-14,"",Unknown
PLAS3,13471,2023-01-03,"",Unknown
PNVL3,9342,2023-01-02,"",Unknown
PNVL4,9342,2021-01-04,"",Unknown
POMO3,8451,2023-01-02,"",Unknown
POMO4,8451,2023-01-02,"",Unknown
PORT3,26247,2023-01-02,"",Unknown
POSI3,20362,2023-01-02,"",Unknown
PRNR3,24236,2023-01-02,"",Unknown
PRNR9,24236,2025-08-11,"",Unknown
PSSA3,16659,2023-01-02,"",Unknown
PTNT3,9539,2023-01-02,"",Unknown
PTNT4,9539,2023-01-02,"",Unknown
QUAL3,22497,2023-01-02,"",Unknown
RADL3,5258,2023-01-02,"",Unknown
RAIL3,17450,2023-01-02,"",Unknown
RAIZ4,25917,2023-01-02,"",Unknown
RANI3,2429,2023-01-02,"",Unknown
RANI4,2429,2020-03-03,"",Unknown
RCSL3,12572,2023-01-02,"",Unknown
RCSL4,12572,2023-01-02,"",Unknown
RDOR3,24821,2023-01-02,"",Unknown
REDE3,3190,2023-01-09,"",Unknown
RLOG3,19836,2021-01-04,"",Unknown
ROMI3,7510,2023-01-02,"",Unknown
RSID3,16306,2023-01-02,"",Unknown
RSUL4,13439,2023-01-02,"",Unknown
RVEE3,27650,2025-05-12,"",Unknown
SANB11,20532,2023-01-02,"",Unknown
SANB3,20532,2023-01-02,"",Unknown
SANB4,20532,2023-01-02,"",Unknown
SBFG3,24694,2023-01-02,"",Unknown
SCAR3,13781,2023-01-02,"",Unknown
SEER3,23221,2023-01-02,"",Unknown
SEQL3,25160,2023-01-02,"",Unknown
SEQL9,25160,2023-05-31,"",Unknown
SGPS3,20966,2020-01-02,"",Unknown
SHOW3,24929,2023-01-02,"",Unknown
SHUL3,14664,2021-06-18,"",Unknown
SHUL4,14664,2023-01-02,"",Unknown
SIMH3,25003,2023-01-02,"",Unknown
SLCE3,20745,2023-01-02,"",Unknown
SLED3,10472,2020-01-02,"",Unknown
SLED4,10472,2020-01-02,"",Unknown
SMFT3,24260,2023-01-02,"",Unknown
SMFT9,24260,2025-02-13,"",Unknown
SMLS3,24252,2020-01-02,"",Unknown
SMTO3,20516,2023-01-02,"",Unknown
SNSY3,12696,2023-01-05,"",Unknown
SNSY5,12696,2023-01-02,"",Unknown
SNSY6,12696,2020-08-19,"",Unknown
SOJA3,25704,2023-01-02,"",Unknown
SOND3,10880,2024-10-10,"",Unknown
SOND5,10880,2023-02-13,"",Unknown
SOND6,10880,2023-02-13,"",Unknown
SQIA3,22799,2020-01-02,"",Unknown
SULA11,21121,2020-01-02,"",Unknown
SULA3,21121,2020-01-02,"",Unknown
SULA4,21121,2020-01-02,"",Unknown
SUZB3,13986,2023-01-02,"",Unknown
SYNE3,21040,2023-01-02,"",Unknown
TASA3,6173,2023-01-02,"",Unknown
TASA4,6173,2023-01-02,"",Unknown
TCNO3,11207,2020-01-02,"",Unknown
TCNO4,11207,2020-01-02,"",Unknown
TCSA3,20435,2023-01-02,"",Unknown
TECN3,22519,2023-01-02,"",Unknown
TEND3,21148,2023-01-02,"",Unknown
TESA3,26000,2021-01-04,"",Unknown
TFCO4,25208,2023-01-02,"",Unknown
TGMA3,20800,2023-01-02,"",Unknown
TIET11,18970,2020-01-02,"",Unknown
TIET3,18970,2020-01-02,"",Unknown
TIET4,18970,2020-01-02,"",Unknown
TIMP3,24929,2020-01-02,"",Unknown
TIMS3,24929,2023-01-02,"",Unknown
TKNO3,11231,2024-12-23,"",Unknown
TKNO4,11231,2023-01-05,"",Unknown
TOKY3,25461,2025-06-03,"",Unknown
TOTS3,19992,2023-01-02,"",Unknown
TPIS3,19330,2023-01-02,"",Unknown
TRAD3,26077,2021-07-28,"",Unknown
TRIS3,21130,2023-01-02,"",Unknown
TUPY3,6343,2023-01-02,"",Unknown
UCAS3,22780,2023-01-02,"",Unknown
UGPA3,18465,2023-01-02,"",Unknown
UNIP3,11592,2023-01-02,"",Unknown
UNIP5,11592,2023-01-02,"",Unknown
UNIP6,11592,2023-01-02,"",Unknown
USIM3,14320,2023-01-02,"",Unknown
USIM5,14320,2023-01-02,"",Unknown
USIM6,14320,2023-01-09,"",Unknown
VALE3,4170,2023-01-02,"",Unknown
VAMO3,24716,2023-01-02,"",Unknown
VBBR3,24295,2023-01-02,"",Unknown
VITT3,25763,2023-01-02,"",Unknown
VIVA3,24805,2023-01-02,"",Unknown
VIVR3,20702,2023-01-02,"",Unknown
VLID3,20028,2023-01-02,"",Unknown
VLID9,20028,2021-02-12,"",Unknown
VSTE3,21440,2023-02-09,"",Unknown
VTRU3,27057,2024-06-10,"",Unknown
VULC3,11762,2023-01-02,"",Unknown
VULC9,11762,2025-12-16,"",Unknown
WEGE3,5410,2023-01-02,"",Unknown
WHRL3,14346,2023-01-02,"",Unknown
WHRL4,14346,2023-01-02,"",Unknown
WIZC3,23590,2023-02-09,"",Unknown
YBRA4,16705,2023-10-03,"",Unknown
YDUQ3,21016,2023-01-02,"",Unknown
ZAMP3,24317,2023-01-02,"",Unknown
ZAMP9,24317,2024-09-03,"",Unknown
